<?xml version="1.0" encoding="UTF-8" standalone="yes"?>
<addon id="plugin.video.classy" name="[COLOR teal]Classy[/COLOR]" version="1.0.0" provider-name="Classy">
    <requires>
        <import addon="xbmc.python" version="3.0.0" />
    </requires>
    <extension library="default.py" point="xbmc.python.pluginsource">
        <provides>video</provides>
    </extension>
    <extension library="service.py" point="xbmc.service" />
    <extension point="xbmc.addon.metadata">
        <summary lang="en">Classy Video addon, warning, in BETA!</summary>
        <description lang="en">Offers a basic structure for video playback, with hooks for settings and future expansion.</description>
        <platform>all</platform>
        <license>GNU GENERAL PUBLIC LICENSE. Version 3, 29 June 2007</license>
        <disclaimer lang="en">The author of this addon do not host any of the content which is found and have no affiliation with any of the content providers. This addon simply searches websites for content. Use it at your own risk!</disclaimer>
        <assets>
            <icon>icon.png</icon>
            <fanart>fanart.jpg</fanart>
        </assets>
    </extension>
</addon>